Event_ID,Contagion_Path,Source_Node,Target_Node,Measured_Propagation_Delay_ms,Wind_Speed_m_s,Active_Power_MW,Contagion_Severity_pu,Mitigation_Status
1,Bilateral_Backward,C,A,44.5,16.7,5.0,0.5872,Propagated
2,Bilateral_Backward,C,A,55.15,5.87,1.15,0.8296,Blocked
3,Bilateral_Forward,C,E,5261.82,5.85,1.14,0.6998,Attenuated
4,Reverse,E,A,0.991,7.75,1.9,0.3238,Propagated
5,Bilateral_Forward,C,E,500.0,12.87,3.95,0.4099,Propagated
6,Bilateral_Forward,C,E,2281.39,11.84,3.54,0.7567,Propagated
7,Bilateral_Backward,C,A,49.76,17.9,5.0,0.6623,Propagated
8,Reverse,E,A,4.75,19.48,5.0,0.7776,Propagated
9,Forward,A,E,262.53,8.62,2.25,0.6649,Blocked
10,Bilateral_Forward,C,E,500.0,18.64,5.0,0.2829,Blocked
11,Reverse,E,A,2.183,8.12,2.05,0.5609,Propagated
12,Reverse,E,A,3.898,19.09,5.0,0.8553,Propagated
13,Bilateral_Forward,C,E,1976.64,13.56,4.22,0.5188,Attenuated
14,Forward,A,E,492.13,9.07,2.43,0.7959,Propagated
15,Bilateral_Forward,C,E,4670.16,9.14,2.46,0.3166,Propagated
16,Forward,A,E,4334.15,16.58,5.0,0.2288,Propagated
17,Bilateral_Backward,C,A,53.56,7.98,1.99,0.6902,Blocked
18,Bilateral_Backward,C,A,47.93,6.74,1.5,0.8268,Blocked
19,Reverse,E,A,0.568,10.56,3.02,0.652,Blocked
20,Bilateral_Forward,C,E,5074.45,18.31,5.0,0.475,Propagated
21,Reverse,E,A,4.26,15.83,5.0,0.2624,Propagated
22,Bilateral_Backward,C,A,43.77,12.84,3.94,0.4348,Propagated
23,Forward,A,E,225.29,18.44,5.0,0.4778,Propagated
24,Bilateral_Forward,C,E,11906.33,8.74,2.3,0.4193,Blocked
25,Bilateral_Forward,C,E,14310.69,13.98,4.39,0.6753,Attenuated
26,Reverse,E,A,4.06,14.5,4.6,0.8343,Attenuated
27,Bilateral_Forward,C,E,2693.64,18.25,5.0,0.3419,Propagated
28,Forward,A,E,382.73,6.65,1.46,0.2551,Propagated
29,Bilateral_Forward,C,E,2173.71,9.57,2.63,0.1982,Propagated
30,Reverse,E,A,1.188,6.8,1.52,0.3539,Attenuated
31,Reverse,E,A,1.172,13.37,4.15,0.4135,Propagated
32,Reverse,E,A,4.816,8.78,2.31,0.4975,Propagated
33,Forward,A,E,6092.61,9.0,2.4,0.929,Propagated
34,Bilateral_Backward,C,A,54.78,8.59,2.24,0.1804,Propagated
35,Bilateral_Forward,C,E,4024.79,13.89,4.36,0.1228,Propagated
36,Forward,A,E,1302.75,10.52,3.01,0.6191,Blocked
37,Bilateral_Backward,C,A,47.41,17.25,5.0,0.7685,Propagated
38,Bilateral_Backward,C,A,67.07,5.25,0.9,0.5109,Propagated
39,Bilateral_Forward,C,E,505.61,19.11,5.0,0.4078,Propagated
40,Bilateral_Forward,C,E,739.72,10.12,2.85,0.1521,Attenuated
41,Reverse,E,A,3.509,8.43,2.17,0.2075,Attenuated
42,Bilateral_Forward,C,E,3771.4,8.63,2.25,0.1338,Attenuated
43,Forward,A,E,2142.48,7.83,1.93,0.301,Blocked
44,Bilateral_Forward,C,E,11370.49,18.31,5.0,0.7519,Blocked
45,Bilateral_Backward,C,A,58.74,19.03,5.0,0.7568,Blocked
46,Reverse,E,A,0.145,6.52,1.41,0.6472,Propagated
47,Bilateral_Forward,C,E,1821.84,12.28,3.71,0.4536,Attenuated
48,Bilateral_Forward,C,E,6227.09,8.56,2.22,0.3429,Blocked
49,Bilateral_Forward,C,E,6816.22,15.81,5.0,0.3273,Propagated
50,Bilateral_Backward,C,A,36.3,8.66,2.26,0.9257,Propagated
51,Reverse,E,A,4.54,11.52,3.41,0.3651,Blocked
52,Bilateral_Backward,C,A,42.28,12.39,3.76,0.2257,Blocked
53,Bilateral_Backward,C,A,64.8,5.65,1.06,0.9451,Propagated
54,Reverse,E,A,4.583,10.55,3.02,0.0639,Attenuated
55,Forward,A,E,804.67,13.58,4.23,0.9323,Propagated
56,Forward,A,E,486.29,17.77,5.0,0.3352,Propagated
57,Forward,A,E,502.02,17.66,5.0,0.887,Propagated
58,Reverse,E,A,3.114,19.85,5.0,0.1761,Propagated
59,Reverse,E,A,1.68,17.73,5.0,0.173,Blocked
60,Bilateral_Backward,C,A,53.97,9.4,2.56,0.7784,Attenuated
61,Forward,A,E,945.5,6.22,1.29,0.0547,Blocked
62,Bilateral_Forward,C,E,5248.6,15.53,5.0,0.7662,Attenuated
63,Bilateral_Backward,C,A,50.68,11.58,3.43,0.6548,Propagated
64,Reverse,E,A,2.759,9.3,2.52,0.5817,Propagated
65,Bilateral_Forward,C,E,500.0,9.55,2.62,0.5334,Propagated
66,Bilateral_Forward,C,E,7348.24,8.24,2.1,0.6106,Propagated
67,Forward,A,E,216.14,11.17,3.27,0.6796,Propagated
68,Bilateral_Forward,C,E,18617.79,12.74,3.9,0.3407,Blocked
69,Bilateral_Backward,C,A,45.91,11.5,3.4,0.7196,Propagated
70,Reverse,E,A,4.817,17.54,5.0,0.6764,Propagated
71,Reverse,E,A,4.585,11.64,3.46,0.2658,Propagated
72,Forward,A,E,1079.39,9.2,2.48,0.9094,Blocked
73,Bilateral_Backward,C,A,66.55,5.72,1.09,0.5594,Propagated
74,Reverse,E,A,0.171,6.74,1.5,0.0914,Propagated
75,Reverse,E,A,4.9,7.63,1.85,0.0654,Blocked
76,Forward,A,E,641.45,7.6,1.84,0.4405,Propagated
77,Reverse,E,A,4.751,18.3,5.0,0.2848,Propagated
78,Bilateral_Backward,C,A,45.37,12.55,3.82,0.8208,Blocked
79,Bilateral_Forward,C,E,4783.63,19.16,5.0,0.8998,Attenuated
80,Bilateral_Forward,C,E,14086.28,13.63,4.25,0.3994,Blocked
81,Forward,A,E,1667.09,17.31,5.0,0.6133,Attenuated
82,Bilateral_Forward,C,E,11787.88,7.94,1.98,0.1124,Propagated
83,Reverse,E,A,0.291,14.27,4.51,0.3529,Blocked
84,Forward,A,E,1863.53,5.35,0.94,0.783,Propagated
85,Bilateral_Forward,C,E,5902.75,10.23,2.89,0.893,Propagated
86,Forward,A,E,1627.0,9.23,2.49,0.2097,Blocked
87,Bilateral_Forward,C,E,4289.22,15.97,5.0,0.1649,Propagated
88,Bilateral_Forward,C,E,2083.67,18.96,5.0,0.8226,Propagated
89,Forward,A,E,1346.72,8.57,2.23,0.39,Propagated
90,Bilateral_Forward,C,E,8756.66,9.8,2.72,0.856,Propagated
91,Bilateral_Forward,C,E,15915.31,17.71,5.0,0.3694,Attenuated
92,Bilateral_Backward,C,A,50.97,14.48,4.59,0.4536,Propagated
93,Forward,A,E,806.77,8.19,2.08,0.9016,Blocked
94,Bilateral_Backward,C,A,55.95,6.37,1.35,0.495,Propagated
95,Bilateral_Backward,C,A,68.14,19.53,5.0,0.6692,Attenuated
96,Forward,A,E,106.61,6.26,1.3,0.6809,Propagated
97,Reverse,E,A,4.47,7.2,1.68,0.512,Propagated
98,Bilateral_Forward,C,E,2344.19,10.56,3.02,0.7815,Attenuated
99,Forward,A,E,896.22,10.25,2.9,0.6874,Propagated
100,Bilateral_Forward,C,E,4086.8,11.36,3.34,0.8657,Propagated
